Y,Theta,State
1.8266764704311194,1.916354650339933,3
1.285353183995748,2.1087731079406593,3
1.7292899404504944,0.45500632686668224,2
1.3937322849767027,0.09283269214439109,2
1.9852946628512862,1.5847068976938548,3
0.8436585585397627,1.1381853792812953,0
1.95215550746661,0.07589958178154649,3
0.9538758711897128,0.954173921593906,0
1.9616427080795302,2.068288849893645,2
1.73340557052917,0.9904550784855285,1
0.1308709392663825,1.311458678649721,0
0.4319833559156503,2.57290307713031,2
1.042392083764292,2.4401914348899023,2
1.473616064281284,0.7889446887114109,0
1.4071913993950158,0.2307249768625442,1
0.7731624981358538,0.8014864791811745,1
1.3028693386827814,0.8435286444258505,0
1.3334375240474767,1.9317595341097025,3
1.8131319738697584,1.8909466862738895,3
0.7724024798698399,2.3352571193833205,3
0.14427430785595696,2.9398667470420303,1
1.411023758878407,3.0076720703363407,1
0.7400820966976136,0.072554196879503,0
1.231188144002587,2.889909172047277,1
1.2502070603319986,1.914717623529343,3
0.9373468603525528,2.4129776261990745,2
1.759983933399225,1.966653278620052,3
1.0807610264873615,2.231156210486981,3
1.3539083376975658,3.033337301118977,1
0.756702779656377,2.1734542947226383,3
1.0610321414674935,3.0328749931484245,2
1.8164755281598308,0.4702710990976837,2
0.5488537996920488,2.2624639189674265,3
0.015869151163411255,2.8682836505119393,2
0.26247395922252337,0.38876078111837886,1
1.4777411411453414,0.28803168427976633,0
0.7538902769800668,3.0524484308703492,3
0.4309872536359143,3.1245248285722784,0
0.1423708438687068,1.1447306521691496,1
1.6116966781265845,0.7824252940908709,0
1.3355782675849526,0.021877802583800517,1
1.1581398857885803,1.9603172677308502,3
1.8191444065622566,1.2269077270194941,2
0.9302263957064558,1.3436680857052707,1
0.38160195953379183,0.7478469175727549,2
0.5093138933092038,1.1944596083175418,0
0.3353804221098744,1.589149887102426,0
0.1079216294294234,2.1200709184972295,2
1.8666113154285264,0.0413627741279278,3
1.9306903433475051,2.250357456497137,1
1.860561708727659,1.5787068185854192,3
1.7167551357573214,2.158605813048506,2
1.9495714361563856,1.9866113540579557,2
0.15083212721694572,2.2047273123738425,2
1.9992896495514823,1.0737219994605873,2
1.5945656352197568,2.799794152017191,3
0.9626597905840919,0.7688384925682992,1
0.05392246857462846,0.6457581924794866,3
1.6285866814020944,0.8801212762096893,0
0.3826927961364608,2.1214939343177215,2
0.6418998456478133,1.442224261283717,0
1.8218267545466265,2.2000767994653243,2
0.734011041268982,3.121682715125702,0
0.3968614438026161,1.5110694852935411,0
1.5808900278135323,2.4074109262723713,1
1.281619655524928,3.1295610679575727,3
1.1847523087710705,2.173105982923623,3
1.5718616530564753,0.14606574111596224,1
0.026164315637912994,2.7730032814973695,0
1.464887170479817,0.2392003823388211,1
0.7534367048757256,0.29077608666807475,0
1.9864563354214497,0.8713470991312315,1
0.6415218618091072,0.45878974891806934,3
0.23192476096098114,0.8759337330888488,2
0.6596340124941813,0.6822143702104296,2
0.6683155031596502,1.2608785841675496,0
0.13798903541200125,2.15634542482974,2
0.4036851382009772,0.12073132855410643,0
1.4353316239811742,0.3441014442415799,2
1.7683404208031404,2.6190820559927332,0
1.986364118571276,0.5671862497914635,0
1.4222835994214569,2.8264311213346467,3
0.009814746408360664,2.194749934015732,2
0.7829249918177592,0.5555683772119544,3
0.6701092894778333,2.276184350353225,3
0.1316453896660137,0.6373907882823551,3
1.5370404633611339,2.2133661177426007,2
1.081165416867024,0.20059114844838416,3
1.4261090995232666,2.202802538743241,2
1.7503405018838598,0.41453693288328247,3
1.795472193988385,0.29654801499444133,1
1.7667821811082212,2.0605675440041598,2
0.8876113392235008,0.7716990132160959,1
0.9901668494813256,2.8851941089392406,2
1.4838927095953858,2.5940729897865844,0
0.27116306765437037,1.2787252855138194,0
0.5796928188771344,3.0112511079087856,0
0.6247718005402685,2.2797813181017017,3
1.7157643033993426,1.2835639711334326,2
0.2802648837219841,2.2942281433054132,3
0.006566888968803308,1.0402625777858598,1
0.8896482706203181,2.5608912553810597,1
1.9307701370167796,2.6969308748089054,2
1.013387120052951,0.894721451949781,0
1.04959531021592,1.6155022496742437,2
0.4615214872819895,1.5331634361334776,0
0.8318358177511771,2.6823982684550978,0
1.4796146008467268,0.5215362264781666,2
0.2857515288380361,2.409627276517149,3
0.6839394189305743,1.2161657339974903,0
1.7606995941742971,1.025597060985007,1
0.25569814110233713,2.891745934361487,3
1.3378356326826837,1.9584651487130253,3
0.9295506356373058,1.0351358993480548,0
0.46829561991518487,0.8006181613994509,1
1.662509237901706,2.940839774152787,2
1.4234851507538209,2.7581609524564668,2
0.7932594489363387,1.2092559746130571,0
0.8540188891369813,2.4040816523591286,2
0.41598836256052496,1.4812531112797986,0
1.3715407371916022,2.8917520762274775,1
1.9164939166672204,2.801827948133378,3
0.9451044910156354,0.3509722260007892,1
1.8639543957868185,0.34303285745880896,3
1.9682274633188352,1.2545848293799962,2
0.3040163160105691,0.3104065675049292,0
0.8013380166894164,0.09581661984790198,2
1.9424028502776003,0.5612571673735761,0
0.05893972769686662,1.2123473473774333,1
1.3368753539273583,1.3838486241634695,2
1.771035737064997,0.17444868387943283,2
1.738432602759334,1.7887239415790088,3
1.4546222385224266,1.4939903290674068,2
0.5063793825309197,2.6122352215507085,1
1.146729928589014,0.014225398795179653,0
1.5948478047954389,2.36051151148372,1
0.8756900557934111,0.9347195907806798,0
0.2827999750280261,2.3129529257042702,3
1.7318350624199044,1.532050492961348,3
0.07601144518849323,2.3877746956317507,3
0.24256588642483745,0.8921614681750063,1
0.730980820487541,0.4654826311370477,3
1.670085359746111,1.6667799583472593,3
0.604593294113484,0.37406844467022543,1
1.3821437631635736,2.910955588328558,0
1.3713091020256536,1.487280905582792,2
1.136845874160277,0.1572991476317816,0
0.7812587070378174,1.4202928931554686,1
1.2796994165546203,1.0965632817547077,1
0.1224956862373614,2.014524797927522,1
1.246113247375433,1.3234870500370104,1
1.5711027394320813,0.2504680174104802,0
0.3232668492316719,2.025034932462895,2
1.606063899015892,0.8754750216930627,0
1.8665704511397538,0.48904114977366153,1
0.9270109949449765,0.8419267240415835,0
0.011390424357778928,1.333190134394848,0
0.9832780318080139,1.1055249384904997,0
1.7396559656428472,1.0573457053174522,1
0.26133336980666044,2.447127116679999,3
0.46457539329824593,3.012924479562024,0
0.5183271300524779,3.083177707975376,3
0.7038914024183982,1.1729335147943523,0
0.18208810395107267,2.1426448441810693,2
1.497998031456037,2.4875731810175177,1
0.6454467812307672,1.1696826776660243,0
1.2417252208926501,2.5524368613682173,1
1.5919044615698148,2.127658035429292,2
0.8179485371305397,1.7324800161228469,2
1.5908913555442548,3.083190779566832,1
1.7053831809658357,1.456485844410149,3
1.6515288818586407,2.5950680227242695,0
1.5527102705474254,2.458151335284303,1
1.0444214441766897,0.35728878870804376,2
0.49455274464057997,1.0201946310830021,0
0.799159708190684,2.0264569463697306,3
0.0948416586637264,2.6012919378729285,2
1.0402322172482512,2.769252732658938,1
0.2608634715637683,2.0819522814735527,2
0.4706412616095328,2.9695100668390437,2
1.8757283617924991,0.954515097588358,1
1.998929252724091,0.652068196946438,0
0.64233661156225,0.634376781335931,2
1.5446224273709876,2.9512490144750907,2
0.11867482478026825,1.0084433683484852,1
1.6425966643182761,0.19941439378977777,3
0.7453524185427578,0.41671113141863547,2
1.7179796851446787,2.302759009995487,1
1.1207641119012655,2.5385489162507913,1
0.9423845614540209,2.6865763766231527,0
1.8201228885551202,0.02949982758425192,2
0.18472232790833587,0.3476686208180158,0
1.3094235988185332,0.39916459971411183,3
1.7396383354542586,1.1237229811099743,2
1.2091169196870502,1.5295816839203185,2
1.9185328144490774,0.9235781057174817,1
0.6354947746587103,0.23424093209888364,3
0.7408417733488886,3.1236108137506995,0
0.08212392697678683,0.8586390332735235,2
0.6382440762642327,1.4305428427094167,0
0.11032321844154858,0.9944892395507531,1
0.5890668731867574,0.8487392098630682,1
0.6260846716553834,3.137146022501291,3
1.2740524988917779,1.1867472600592333,1
0.874403100852458,1.2243168329759708,0
0.7710912139209367,2.158455282509387,3
1.337802938854263,0.7172871914470584,0
0.7971178300545003,1.1145043339419387,0
0.6355612840276688,1.8978096090804197,2
0.7453336716415793,2.022005537941104,2
1.9879797729088309,0.16602381216017784,2
0.49955735372598964,1.7421570839735543,1
0.0030495434686470535,2.313154066764603,2
0.4439279602264008,2.02514595127571,2
1.5258451085484985,0.7213210047188908,0
0.548303940014595,1.1025999824096158,0
0.2267667578294994,1.3496595566572418,0
0.8902790801801128,0.6550129726461184,2
0.7663202126818935,1.9744896016039333,2
1.2707552859458608,0.6785255212857303,1
1.1179268954266135,2.3599327551102256,2
1.943585466908636,1.5205859425283517,3
1.3763451189970606,1.8959626295273044,3
0.7417154151974228,1.8257227558529217,2
1.5552378778441789,2.5386558692700216,0
1.259194884589424,0.5634729703502314,2
1.0539557630288316,2.8311083373337564,3
1.5289880106450153,0.8869924261992156,0
0.5852455442561051,2.5781640455204817,2
0.7942058674319232,2.085346784568103,3
0.0019218716065438901,1.2674404653671114,0
1.2991883356023326,0.04331672115571762,2
1.0869489149955196,0.7009127611415776,1
1.654593275232346,0.11884551443885923,2
0.827636517020494,1.844258438573712,2
0.9416770209655059,0.021560848005405746,1
1.341043352126648,0.1080061196458057,0
0.3630488066492501,0.5868229414468515,3
0.6510247565833713,0.6057555911631619,3
0.6732993239514802,1.1851888628939897,0
1.1716196551122504,2.611944608005792,0
0.2844071982010761,0.4718405851256787,2
1.3761028070060213,0.1696710260856967,1
1.7881483972037067,0.12729522894900297,3
0.7811114025795776,1.0552400600425909,0
0.027464251969293585,1.7600015580536845,0
1.254764228973646,1.5764537689343168,2
1.5681105475504424,1.7062313642239813,3
1.8817562744002863,1.0477859434105012,2
0.8948647043583253,2.782137672162733,1
1.5241721184368826,1.528792184247004,2
1.628242133036745,1.0017508518868925,1
1.6242414076321676,1.1519592848728764,1
0.5301961003791915,2.88615163981894,3
0.38979848953173013,2.6040791426532435,2
1.2604205237430366,1.7540348522946954,3
1.5761700382019486,0.29299617814801765,1
0.5107987639234437,1.6518782368138198,1
0.44096507546201136,1.2115201293111384,0
0.33921123556791155,1.6925779201863236,1
0.5744981392600059,2.7452325469915557,0
1.827015452215423,0.41904861369230717,3
0.720961010172561,1.4160658219231397,0
0.6547969504129125,0.6316394983229678,2
0.9162119003815368,1.2595527483411428,0
1.4396195071375548,0.804891321703339,0
1.4947913032612183,0.43811480072287096,3
0.1259044551830346,2.6930305682202573,1
1.4509052184839921,0.9308603116955105,0
0.9892835661073787,2.3875597991117026,2
0.0004239726547063949,1.5802738986885767,0
0.5155691870982766,1.9819200067900282,2
1.067772637619937,3.1160346662686793,0
1.5916270670117412,0.5555065322795202,1
0.6679556348550213,0.5736745079987398,3
1.7140043705987789,0.3534504969560325,3
0.25201319425722746,2.2246867478200913,2
1.8930387198561893,0.8171388596956439,0
1.2206963438736782,2.8571377394850472,3
0.8651735150546742,2.808789947079393,2
1.8742474638879578,1.7769379496612512,3
1.8081005551028544,2.571540656612041,0
1.6200413159366185,2.82142162772565,3
1.2484251749994988,2.7991250405247223,2
1.1949227938307112,0.31111277940112314,1
1.1212103485343752,1.9118405915897974,3
0.03344916978186352,1.8200378237325887,0
0.6932788776824257,0.9622546462964032,0
1.8405201092175274,1.5439529505030827,3
0.9303163725100208,2.160521469580359,3
1.830612200099431,1.7620514110254484,3
1.8207593243056783,2.623560888505107,0
0.24476163447012267,2.4368081547907465,3
0.9121932989160457,0.1648847766507189,0
1.5136336818713563,2.470730856616828,1
0.022675284266531648,1.6000693949549465,0
0.5740443692064781,0.771911402730064,1
1.5323015692990336,0.6906286997303986,0
1.86529277718794,1.4142227734474837,3
0.08980929086960376,1.5631195760724819,0
1.318571242410014,2.804043890662281,3
0.7683629218483128,2.146315521792223,3
1.7425305755420404,2.3561216022820592,1
1.9297824505810437,0.4104794750492468,3
0.24020304283819094,0.7647755995893752,2
1.4518306908180278,0.5429431216155886,2
0.6074414582913008,1.5044728341823974,1
1.6729388103732328,1.4666009038955388,3
1.5528758138063707,1.3228693828077256,2
0.4529470935776463,2.2068439937665563,3
1.871084207081886,0.71793961506426,0
0.8494967041617063,2.242654610990898,3
1.2576000025127303,2.6920141659407157,0
1.2896255244069363,1.9968659960694952,3
0.9177490429226753,2.8638099672780655,3
0.5682283408352915,0.5357382990475572,3
1.1504717019514146,1.5588688718454398,2
0.2428629524981214,3.1376698132310157,2
1.0071309892151592,2.4298956861762795,2
1.9121188340334387,2.093881812743961,2
0.4303417248067847,2.728262185555478,0
1.2700880176093243,0.9510006491706506,0
1.9111891390329285,0.27143001788368887,1
1.5105135163833174,0.3362131900941504,2
0.18878718665425098,0.39937628301342426,1
0.5989159417437064,1.3828004151986977,0
0.08324108199500557,2.3811671118223825,3
1.1617131211974834,0.16055218446144187,0
1.8680070059306204,1.3727472638196716,3
0.3817100970737233,1.0093096594845037,1
1.5814331280630127,1.4832295162437072,2
0.8703992588319025,1.8265908123090173,2
1.4426437193149264,1.592784157319566,2
0.19931970124935128,1.9086188913813673,1
1.7853745001204944,1.5009618173676678,3
1.0201530285677483,1.7673620467865316,2
1.2732497304855834,1.1483481649800418,1
0.8856996144716547,0.07297025091267051,0
1.9279723370012818,2.544481393804567,0
0.7415286639536254,1.9442167901190275,2
1.2667181671781877,2.03470276737046,3
1.1224722432182548,0.7072626083702099,1
0.683193265061832,0.17058743821531297,0
1.4983218390619815,1.3914702276055495,2
0.8510347074570681,2.888351201901349,2
1.9755121246587002,1.103096282287467,2
0.5489570466424865,2.6074775577192155,1
0.3970566662092716,2.9831133872031,3
1.5028909221874553,1.7885654026321094,3
0.33250456859753386,1.7357495758797203,1
0.2881174434031095,2.7294832530289734,0
0.7025170390691298,0.29677352066332935,0
1.196219129397672,0.6975701830328029,1
0.14648669033541473,0.6734429850951609,3
0.422380201446668,2.498696864802635,3
0.821242153518299,2.5199381452918472,2
0.39733221103134597,0.9729680815388366,1
0.7002910246213889,3.0708675573489774,3
0.07869415546421599,3.070853323552265,2
1.787139658844622,0.7555723207934777,0
0.7180111612678404,1.7925133857332256,2
0.47840120971623645,2.7875054398968135,1
1.8623676227569266,0.4446389943717494,2
0.48058668788071013,0.19240055422415123,1
0.722219217947587,0.6465947283051028,2
1.424041256093772,3.134346434038853,0
1.2092802669441278,1.5482739600834865,2
0.3447775464250227,1.588117108573649,0
0.010723191211242655,1.572612360309624,0
1.2127744754362724,2.60486745444064,0
0.7545551947672793,2.95769369721895,1
1.1586504007988474,0.8445439090186553,0
0.8051205528384542,0.33959017086544857,1
0.02343064143531981,0.8489255743195083,2
0.3676112110019689,2.1286207467145544,2
0.1636012664246671,1.2276015528250974,0
0.1641200998554211,3.140936064257004,1
1.7307135949899592,0.33865383495096263,2
1.6577274920963916,1.900550705077593,3
0.5975222123995445,0.16374193572679288,0
0.08224646785858347,1.7742416601383146,0
1.4074101519043698,0.9165888544665245,0
1.4315112095657143,2.4095020735688895,1
0.5729367876021592,1.92531522019224,2
1.1547282460764645,1.5130451454821054,2
0.938764137549116,1.944749257353233,3
1.1087715517991263,0.1555974707434525,0
0.5830772841993974,1.8227130550153785,1
0.9057571024596707,1.725314807258434,2
0.44574792910521466,0.5014354599690186,3
1.5527265783344706,2.26604709158545,2
0.12400247866919734,2.688489088314054,1
0.4142220190230057,1.1190959536748166,0
0.159384638704811,2.3631103202927393,3
0.05265015063585987,1.229676095794927,0
0.9707429658094531,2.2711891776602102,3
0.40694049972304946,3.14046208410349,1
1.136938733699972,0.18837472682311426,2
0.7137982370928035,2.939321649092976,0
1.2487104970214742,0.13714149474357915,3
0.16606608219424923,0.48354010377235224,2
1.0586920213323392,2.6253524067290064,0
1.1445199304648102,0.5718179537464155,2
1.5117498094024469,1.0493711405034813,1
1.2711840382332036,1.6949689242167725,2
1.7714272483231068,1.1101428590306783,2
1.1295613159182478,0.6803367853141866,1
1.4555945264376915,2.8326012613071083,3
0.4055215603692577,1.2354012618992944,0
1.6383455696369724,2.7103236548124525,1
0.4509855534311842,0.18810027987813577,1
1.3388807801475084,0.762007148399893,0
1.5093697183238226,0.13664189221271508,2
1.715797770812839,1.4754749509742866,3
0.3496823313292925,1.990328012021765,2
0.4873634920494896,0.4415923313451226,2
0.20305271608830933,1.4902960623158725,0
0.38341806482296037,2.3107366827015206,3
1.0957371002463965,1.8754996269222923,3
1.5245278059484573,2.773963776157532,2
1.607456670780646,1.4433318485844866,2
1.970103497716724,1.6402350839586375,3
1.8643221922438638,0.6083224376754303,0
0.13542574216047298,0.034240032364074476,0
1.0104881682860953,2.784285378152828,2
1.9281568712580173,1.7676410529706212,3
0.6543978747358024,1.2367117138898787,0
0.14109581537356353,0.4987421793347249,2
0.10202039431467824,0.08639252715192766,2
0.6780978695350504,0.3615138180206662,1
1.7533193825816833,3.025051735908983,2
1.5994142577035826,0.8568959452494547,0
0.19278833554376584,1.4134093852501441,0
1.4028273737334453,1.0408524430237556,1
1.0063961416350562,0.6764072040551943,1
0.0685616807108389,0.8910732724325302,2
1.363840539106296,2.296120707276773,2
1.9198913407748535,1.6963136262576455,3
1.6499511853083384,1.2748572212577243,2
1.3536563377169137,2.653525875480294,0
1.5021213102118116,0.590970599793455,1
0.5425879809243592,0.5705570487377231,3
0.27521930314236065,1.8324684644230178,1
1.9267399834323777,0.9086367224060824,1
0.24620311168958509,0.5972705490600662,3
0.42544873063523525,2.872746049085262,3
1.5557905610306795,1.7457985882854117,3
0.9029318421268355,0.5316202517647661,3
1.74939910137284,0.9423592483992332,1
0.7670897082765038,0.4213693639936791,2
0.8248591691340528,1.0357469135710649,0
1.370500804957233,2.744648877342416,1
0.0882645994972775,2.0106715814012937,1
0.42292691043221775,2.737855778403312,0
0.3068223106881849,0.1074834930737411,3
0.48581020429427024,0.06823424727006701,2
0.9284045814301478,0.4617327035819363,3
0.017848516130159586,2.028102911813476,1
1.3026026099119958,0.21997094147036345,2
1.322932284479201,1.9822543294821802,3
1.227679336887068,0.10321967092645828,2
0.27177928801115026,0.5340076895877768,3
0.22292458942480153,0.8312577209240215,2
1.4206037279133577,0.23840974328684975,1
0.40659626308491625,0.3382304145029228,0
1.2043092911404565,3.107404421330772,2
1.3077099279328308,0.21681949605031203,3
0.8648661056941847,1.1658566835192,0
1.1075748514722945,1.7122450674319722,2
0.9890340770697261,2.672435418728597,0
0.688165163392114,2.0333593450861023,2
0.44208195758550195,0.6160362030881146,3
1.572471061875127,0.06617845868907989,2
0.7624285705002796,2.1116028690327453,3
1.6438475526373992,1.063582029005908,1
0.37697940202465197,1.8264373113905021,1
0.025632258148571063,3.008907910362819,1
1.3360454389545877,1.4247110494505029,2
0.3823069965332726,0.09814585362088286,2
1.6951209843459183,1.643174211277956,3
0.3019982570635662,2.470820937473323,3
1.3045429191848783,1.7735461660132976,3
0.40004916384023437,2.880906857383353,3
0.5205088584073607,0.6859627474220442,2
0.2891483686209986,0.3036071741738598,0
1.5568192158907623,2.667989600913868,0
1.2249527991508022,2.1997515588384977,3
1.9866174279267894,0.5459555091774261,0
1.7224784727723772,0.5492194484340667,1
1.1644886831846513,3.0832505532854775,2
0.6794652548487978,2.399517632920002,3
0.09392487309533237,1.6991470980374233,0
0.606766074136657,0.6392042992179491,2
1.8740191935053223,1.7951892967574563,3
1.3017714400035962,2.1280133336825036,3
1.256513678562868,1.9334459140306757,3
1.5747695287320835,0.2796252779902823,0
1.2032372064063572,0.05759683303077918,1
1.4735798837125968,2.1155549104733873,3
0.5196974388845423,1.9330265257363026,2
0.5800675690010264,1.596540757830947,1
0.5131715515427817,2.850132392038017,3
1.4184461206509196,2.501106636244199,1
1.0347438975158576,1.6441017931786694,2
0.36907001588457167,1.2491287033694256,0
0.578092830294862,2.4415710404719073,3
1.9774735443714992,3.0524519798245464,2
0.31246990340084313,2.933148472837508,1
0.2077362284127513,0.6098920053170215,3
0.4798109747597865,1.721721507368447,1
1.8088687394018632,0.3509376212452736,3
1.8522113811921534,0.7523978229877903,0
1.9435675305825282,2.5761989751998478,0
0.6742755492901666,2.3630684658343566,3
0.8636180449161637,1.336199289857675,1
0.8295026725290835,1.9440435601594375,2
1.395389666566403,1.272279178639002,1
0.2549892939035614,3.069823748974813,2
1.3127614536322179,0.6149900110648336,1
0.7670411923999272,2.790806794532758,1
0.09950815480558384,2.655491458733108,2
1.8856795354299596,2.434172940900396,0
0.6327869950932192,1.763719396789346,1
0.2836532051702132,2.676509567915468,1
1.306650137659892,2.0569882155438672,3
1.990336830791731,3.131580777278992,0
0.5424802155742481,2.8014511618025337,1
1.5063686345472398,2.716601776362025,1
1.9686564345268514,0.48391097342182643,1
1.1591051382778765,1.7515272747478694,2
0.04606941732584535,2.473231769259218,3
0.32207320266675366,2.3404641956373675,3
1.8888341274811968,1.0102999141179,1
1.8498118570677229,2.8784844994597796,1
0.7869115588348743,0.8750280813592353,0
1.3495194969992341,1.202180355386051,1
1.1348305175686486,0.08661265746406938,0
1.0611652488266061,1.7672129555991039,2
0.7691150195494976,0.3774600719307601,1
0.8346222123863472,3.0106249783626566,0
1.2492864985611287,2.921203907020551,0
0.811313028087657,1.7754293431298713,2
0.3244080626923287,1.137378256555655,0
0.6547481039081928,2.098813496985592,3
1.1433191129359686,2.2073796372623526,3
0.04778271382286636,2.391724951240756,3
0.5002227433397397,1.942214408293063,2
1.835621376441412,0.5868453211062972,0
1.5631025827317426,0.19103927553689443,3
0.002102847456016965,3.0109405131261684,1
0.5325043929905799,0.33429637638734516,0
0.7556852643870666,1.747217102683801,2
0.6605375722820863,1.427229115416479,0
1.6549670957497433,2.5699234737126604,0
0.8172503778468192,1.594609959166317,1
1.6138194366336338,2.634555999937267,0
1.9680924406090106,1.5481261915555946,3
1.7877056242603215,1.7030272513059204,3
0.38959573052899454,3.0838115571917943,3
0.055064088838228775,1.5286368847873135,0
0.11534506604960204,0.7951194811954219,2
0.6325457970268962,2.593877637385417,1
0.2317926618995907,0.9248137045568158,1
1.0738684187297483,2.5154600474358206,1
0.4194471653401588,2.088403227348848,2
1.9124079499595155,0.7616534678189034,0
0.9643105066780595,0.05580673805577443,3
1.381390114215512,2.8082027862064236,3
1.2987446967924858,0.746349284572671,0
0.33565447635587353,0.2544256870945255,2
0.28869560307103637,0.9537597160207655,1
0.2747166149844036,0.7300559395950468,2
1.0503018951911212,2.2113510860225283,3
0.5028250024191876,2.878391993811162,3
1.1694994081422876,1.7575450832634882,2
1.7669621660273307,0.42613711546890254,3
0.1509972417712886,3.021313073683577,1
1.0913163783455433,1.8544007962783373,3
1.652059457920673,0.49788676217934047,2
0.975253750132649,1.0998661727353647,0
0.9326257589099958,1.5804415906428677,1
0.10190512194005796,0.611337371552571,3
1.5248503751092783,2.3278823353765286,2
0.031850610131799684,0.5370152557874253,3
1.4763037280678317,0.17501055524816747,1
0.6300114564029249,0.7103652606421298,2
0.924377526606271,2.5166075429989716,1
1.3369788087188625,0.37931559232595435,3
1.1659182786754674,2.5788254952177603,0
1.737722152197473,1.375330105027827,2
1.6440469173331433,2.92074095194855,0
1.6376893428053345,0.8774314724803195,0
0.1111118789121901,0.07149396148728203,1
0.4741886878607555,1.6680111245068934,1
0.6015410912076593,0.4171074688123248,2
1.8726576670820705,2.3836725552583227,1
0.3103051983324241,0.20671252507421758,2
0.3939202264884827,0.6906015575390417,2
1.2768059064076926,1.9104078093358488,3
0.06693291630902842,1.4720606367821423,0
1.9224182617794783,1.9607206361234975,2
1.5025767295212153,2.7966825397026724,3
0.5947616296323908,2.8867550779734907,3
0.43192592203087954,2.7068408335614262,0
1.6813189005089169,2.319055152733941,1
1.2714393263983355,0.16099453882906153,0
0.7887682417125244,0.04089309596241411,0
1.2988078790398934,1.9279865450170606,3
1.6578433487648587,1.5386330511182769,3
1.576971489171896,1.8575530792269521,3
1.4870831831974374,0.7241054404235562,0
1.2385938876692348,2.9905394213290113,1
1.3623172948509543,0.9448062734801433,0
1.421840624645237,0.18965463616515707,3
1.2011882309547197,0.17941817627727238,1
1.240615431906964,2.5892059544210793,0
0.4345054455103958,1.747689169465655,1
1.723760149784663,1.1929012787662958,2
0.11413154303060069,2.7116892382929834,1
1.904510571644751,1.58893191267565,3
0.8542070518440905,0.7098081474459249,1
1.803801353836397,3.07874022184114,3
1.097053268663072,1.2226977924452749,1
1.433704678371398,2.7702496438540227,2
0.27535248700567116,0.29458514131053265,1
0.44506576216252935,1.0712436143121873,0
1.7896055489471596,2.756250624106725,2
1.4513417268423332,0.5423845908083671,2
1.2004534965239082,1.297471616440229,1
1.0351864246923221,2.428803285023077,2
1.4362847042522706,1.9066744382905165,3
1.862225906103376,1.7505986214449534,3
1.9570679098793433,2.915459452181362,0
0.22606905015526002,2.491109468166633,3
1.3138873054933635,0.8511411481816353,0
1.0178712737580287,1.0858734123386327,0
1.251289909185065,0.6803163048083022,1
1.5184705501138756,0.22399288941795328,2
0.2923023680760086,1.4784078550346977,0
1.4336707145036596,2.0396191813493134,3
0.20421355737545976,2.65766019142452,1
1.4162439533690596,2.727012819213175,1
0.07209405341205977,2.987202438687911,3
1.9812519366225805,0.8419202456444363,1
1.3857709786441845,1.9854818989856666,3
0.5497632328623272,1.7815478802403641,1
0.00044870226703896954,0.41240109744637493,1
0.3077981203606124,2.865816791634616,3
0.030640409721686135,0.8087476335730039,2
1.1137955202658785,2.2914598976318787,3
0.5582018900509935,3.0542204105232638,3
0.6998034713862284,0.15661494402860873,1
1.152976235555188,1.879855037154642,3
0.1681406343774119,1.693915353826858,0
0.1058185691927116,0.2246264677972282,3
0.9252971368519072,2.140129430913667,3
0.5371771944142572,0.1952606102226374,1
1.5106486051708257,1.3261422832416365,2
1.9370415078310217,0.6651890555612713,0
1.666357680028844,0.3335747202628794,2
0.05812176889874965,0.2791869034312007,2
0.289913875688788,2.3664695109992846,3
0.31273548003107665,1.3244656903911012,0
0.7366927240519257,0.11191786313351361,1
1.9089232462517995,1.8212589676131739,3
0.40527650307442653,2.446618771723452,3
0.17986639941886207,0.7226061194801553,3
0.7299266217286018,2.608919353806068,1
1.2641793523609977,0.19039568867162396,2
1.0361676341810335,0.8723869370226582,0
1.9632016277967752,0.00013501035360281995,0
1.5770706237942047,1.1983715555338987,1
0.7696902586531469,2.6768156649585944,0
1.471055577285976,0.6695848261417693,0
1.0986654513125416,1.7274860459925965,2
1.3998314319518772,0.157401647121054,0
0.9646528532159664,1.826178367357186,2
0.6833667937772998,1.3461401285470453,0
0.4658297973865013,2.9886380811726823,3
0.48407799114167926,0.6275515994183511,3
0.9516636906075473,0.3686035687113454,2
1.4419322095853773,0.5310818657673907,2
1.661391631712765,2.171395242388798,2
0.4573451606944652,2.220535330872251,3
1.4148587543509419,1.407582298888458,2
1.3264200168476168,1.421803437466961,2
1.5146054696182547,0.582023664113,1
0.8786023771681448,2.5327843835883033,1
1.8488313457207555,2.663908508306568,1
0.10675757436764277,2.953207971392657,0
0.2587688440261584,2.121297391519173,2
0.8531893665529879,0.1625196032719365,0
0.07218096718558775,0.8687055482524101,2
1.3652646203975385,0.391990316302161,3
1.771426429219956,0.37960476452381253,3
1.2674730691543221,2.069317663489988,3
0.6369948844990094,0.9695524906548456,0
1.3394936618505193,1.2790267309082615,1
0.20477792128104944,0.5149430703137485,3
0.8644527306409457,1.516206031641012,1
1.7106890791649016,2.4486553747461812,0
0.20322654890252578,1.0377004532299863,1
0.8989714477289499,1.7787497858691534,2
0.6288752096570334,1.1131682026196135,0
1.6890358172157336,1.2600145636855702,2
0.6032501739026772,2.553242197286931,2
1.9099733992525312,0.017871882003167867,3
0.5099861555358272,2.7322511386360038,0
0.1569480825405416,2.1476708276754968,2
1.8226320634565745,1.5706213058262912,3
1.7330184737034995,1.1223698088994476,2
0.3284037217205351,0.7777756230484298,2
0.2563602146350161,2.3707295946697564,3
0.32892252293535895,1.1863305593650288,0
0.6300707042502915,2.6322178079304894,1
1.8905756007122916,3.0794711403959782,3
0.39625250261644096,0.328645053039961,0
0.3153345371614349,1.9900051460284038,1
1.5946354557637468,0.07800710926023927,3
1.6557811634229114,0.011179550420432782,1
0.853494550625598,3.0437739213983366,0
0.12837473271419775,1.5288082091925141,0
1.1692465913863144,0.6979508352491611,1
0.7195411289661038,1.1879523917777766,0
1.5375904152213766,0.5683159184540966,1
1.5055400219642052,1.0984119094488696,1
1.1120823027624198,2.8553418270834645,3
1.2431115888125195,0.33347879754679144,1
1.3255370984570802,2.3336578415983618,2
0.41461148757649946,2.5420146805918495,2
1.707622887341149,1.510943630150508,3
1.6454237090106936,1.4923568474221864,3
0.5650703915682846,2.3640238095473336,3
0.6433977017380097,1.8639915937846685,2
0.47340982538238086,2.9034015586315305,2
0.8993996985888,2.9988222810141565,1
1.382137601097152,1.4321343677811902,2
0.7605575950659011,3.0860124321644276,0
0.6322220028725403,1.087070368220877,0
1.3949930197453881,1.9391156802786582,3
1.4038303860426509,0.8736954175992322,0
1.921957690024154,0.693647966561408,0
1.5383014930216694,2.4874892210063897,1
1.7290117006570782,0.2728031100267571,0
1.3408946816128797,2.3964549194044666,2
1.7244798473807672,2.2996739849429733,1
1.9925028325501977,1.8178105655003582,3
0.00669278406060303,2.7071231114990524,1
0.9568262099792058,1.906876721340863,2
1.5235480022695158,2.8700364197316963,2
1.9994487678511939,0.6070669615195398,0
1.3639604673585208,2.646166402779473,0
0.5109260743003332,1.8334494448591268,1
1.079233194698509,1.625071291382079,2
1.6755324321107696,3.040882080233634,1
1.19177068261898,0.8872575638206679,0
1.2966016317348783,2.549377670449449,0
1.9350576816284444,0.5160114662241921,1
1.8680096733290754,2.67984056859997,1
1.1812039012908695,1.3828936261650575,1
1.7705788314640416,0.8195655903152649,0
1.0733432672917675,1.1772243957283637,0
0.06595048342888243,1.3213734573729785,0
1.3326243420008963,2.4238927959620358,1
0.5357296478300009,2.0670024642167664,2
1.3351353229770524,2.9285944210293837,0
0.7551554727214975,1.6102826769558831,1
1.1379354156085377,2.2519035087401407,3
0.34933476378735806,1.149146388487414,0
0.5269079515092836,0.8445566602123533,1
1.1266977025699794,2.629966641409667,0
1.44979446707094,0.934679682134857,0
0.026155411271838735,1.6594710707035554,0
0.6929166224116461,1.746960256777779,1
1.9664182310250324,1.1941892135502468,2
0.1423684050963785,0.9622394508242711,1
0.9547810433715056,0.1518785963026225,1
0.06964503634617114,2.2362429602094784,2
0.174074783762439,1.7155109925547567,0
1.7677952281060834,0.42923049638142513,3
0.20500206936487997,1.0601834823316587,1
1.58266612339258,0.16469384596803524,1
1.4740431431102945,1.6461254673961263,3
1.2822462331846494,1.0698049925809865,0
0.8254350934204984,1.4755718429020208,1
0.1925916350362007,3.0775087301412207,0
1.9940062600662218,2.8568663880009764,1
0.6576971857280149,1.4380295823295823,0
1.2471826872872633,2.268856321792605,2
0.07744127684497548,2.8974412185817764,3
1.1467958878163267,0.6058934218763705,2
0.11107024030163748,0.2929032822303968,1
1.6962067851095273,2.8860482580230755,1
1.118179952621887,0.5022656607022024,3
0.24551482245853395,1.1352324845775674,0
0.7509515800364566,1.3646457947748392,0
0.5013812902007355,2.2007447883072984,3
1.0012663670986734,1.8276580319161753,2
0.9514086174544971,0.17560506106696977,0
0.124071785076183,2.5908216747662527,2
0.08222397575701024,1.0845105522403067,1
1.1611583400736434,0.2849667304335435,0
0.2867224627519509,0.8406849083250526,2
0.45581113133978346,1.1310321953696925,0
0.2544569352648982,1.7997848447667746,1
1.1028205385541057,2.542552089184324,1
0.9073430907082056,1.4714524534518711,1
0.1836302459948751,0.6643292629366754,3
1.3596181337572883,0.2710962424115253,0
1.4997468136863261,2.252775431733235,2
0.64797291867148,2.337780916718003,3
0.5346142135480378,0.524658739427266,3
0.3467217145599619,2.0260886583723914,2
1.6063037165321017,2.9267530974772726,0
1.938574882502545,2.330181675717553,1
0.29927794432397503,0.39360138823562646,1
0.993248351713071,1.6813373905051416,2
0.44145561220716734,2.81090291000194,1
0.5682962457949914,0.6889254668748824,2
1.8978393586669766,1.8950811579946862,3
0.15143066665921912,1.4184404307724707,0
1.482162038854529,0.5880671203125646,1
0.07001959606727648,1.744082315466846,0
0.5135152535952232,2.6076070613826925,1
0.45786409865292255,0.38572212917807147,1
1.6099203600158516,1.2060201279396743,2
1.5545169206497227,1.666430171425337,3
1.513964895433247,2.015714042292967,3
1.7398884127905065,2.7427688750208934,2
1.3574074722875407,2.9892822397301693,1
0.15623202683023307,0.4998799876242057,2
0.576295371828619,2.352867965928977,3
1.9858022531049295,2.220817544976741,1
1.231283800604335,1.474733779266367,2
0.22546228443863248,2.2242944065902317,2
1.5544470915078827,0.014550858432633266,3
0.8865488201012006,2.5184791997962486,2
1.4968808588242146,2.544742722199474,0
1.8410665996242708,0.8815967913425002,1
0.7700493291734685,1.255574975658544,0
0.3056886790697624,0.9052567786899691,1
0.45304150733530446,0.28211154995009663,1
0.4339553211094831,0.7968793067356229,2
0.3283165765272582,3.1254831820719273,2
1.6819727006784297,2.469449788659605,0
1.9533985585215907,2.069310506588136,2
1.122832375346916,0.6852350198914143,1
1.4191596559929798,1.8583024696275492,3
0.5862587791547587,0.6602078046493334,2
0.16503378185415096,2.120416892031882,2
0.307621797141461,0.6578099123046623,3
0.3285300075059283,2.749943609711543,0
0.42464766205827686,0.4079367869109622,1
1.1402203420401507,1.5954001175214525,2
1.934957174407931,0.6277806449685531,0
0.35569143772625433,2.497915191990864,3
1.6299839527359359,0.29877895836722357,1
0.9967024520180638,1.5853502875075753,2
0.4542584405587673,2.1607911950057757,2
1.965614025006414,0.7315051205807808,0
0.541407652970423,0.6180968420750248,3
1.008700893600986,1.9356298360785191,3
1.2941866894716303,1.176995258053686,1
1.011786501084705,0.27192955784586514,0
1.6043690309281236,3.0852250481179406,0
0.4819322802804191,0.32795547188062546,0
0.5330620639901658,1.8915269690517682,2
1.284539152758182,0.24251206909204692,1
1.170282358723628,2.9578120636236473,2
0.05164201868517426,0.2517480616487907,3
0.7884348517602435,2.811472309689258,2
0.12025642881290066,1.9524708673838072,1
0.05994649355896309,0.43058488706140186,1
0.7478169514952591,1.6629893410424907,1
1.9278489877111924,0.6128840484055734,0
0.17018187230906068,1.2972421954464872,0
0.2796142261034189,0.32528597329540276,0
0.8890773740286622,1.8792828286662093,2
0.47189049344865874,1.919293059798997,2
1.1353183815138228,1.3395404040753836,1
0.4203112803893492,1.9786440479515652,2
1.3171153428633011,1.7058273320377544,3
1.780619985343046,0.31619244399161156,2
0.2182808486154888,2.887135786939819,3
0.6293542451407692,1.5827743532799976,1
0.563813948644937,2.1788393152772896,3
1.7522024069040345,0.5382480453470061,1
0.7302796066054793,0.5590939282878962,3
1.2578515745742003,0.5111918298807376,2
1.1319463137340922,0.4881947844555868,3
0.728846726247713,1.7531713158090152,2
0.9745064477279142,2.378341683473933,2
0.41010779917130824,1.8008216268376425,1
1.116000302168314,3.0167463783836377,2
0.41574058780259926,0.17621446962756382,0
0.021101333782840515,2.2787452837664355,2
1.8887086978929424,1.1701948078151216,2
1.0251419007130622,1.85750252579965,2
1.5995157434277993,1.915428851894421,3
0.6619427291036994,0.8382226492487211,1
1.195924287586487,2.8752308737028622,2
0.7248802011553919,0.16702941759400902,0
0.42566132614797536,2.0171244242240345,2
0.3759440962145697,2.317480201443686,3
1.051102439246821,0.005123068752823429,0
1.3174528974190218,1.6688479422157494,2
1.3297548423768095,2.96640143854893,3
1.6003787458259184,2.188724121569295,2
1.1919029777127934,2.117226615554213,3
1.3298626363633426,0.9224794924583377,0
0.6452715297260263,2.257929466062603,3
1.6847923500649737,0.5998336447638302,1
1.1652146210467078,1.0569717470042224,0
0.6866543105053038,2.5553588434227987,2
1.7621316550740294,2.393850114602111,1
0.32432548726885435,1.935158180730658,1
1.6465213777765877,1.319199150406492,2
1.6589239353209548,1.5366625702468542,3
0.7322390968079064,2.5462193378297546,2
0.5129287205838624,1.1917654081788271,0
1.2548438848799326,2.3756016857363544,2
1.4072946282459322,2.3355227221796513,2
1.489692510304389,2.0309295370167826,3
1.3013617315616977,0.6675939419314407,1
1.1203747682074348,1.3276010990451292,1
0.3916682651412171,0.6712420116235087,2
1.7989524283995701,2.149021189319096,2
0.8573154180972204,0.1918236085268846,2
1.0653625851139397,1.4705838209333526,1
1.218808322754627,0.7236893697092928,0
0.8824398602519514,2.629153497259433,0
0.2806125886063049,0.6240481910412546,3
0.4642884174539943,1.4121333106870615,0
1.580574007326284,0.1594000007940213,0
0.8428240535153855,2.2230029199122328,3
0.905740434850699,0.47997936549169384,3
1.2864629227199313,0.3299279949603301,1
1.3022964122579879,0.9686918876838181,0
0.8537993559721218,0.31597865666998876,0
1.6714684712273677,0.5558685670357676,1
1.8465218965827397,3.1389071616337825,0
1.5721576623580915,1.1588863254603463,1
0.3335044914101766,1.5279096753090742,0
0.9664686403504319,2.8158153468938294,2
1.3156453452969068,2.3143537112488297,2
1.1824075735690263,1.598321415537906,2
0.7529106853452951,0.7587626315898931,1
0.6508343633845071,0.9042957926350954,1
0.3453627914565158,1.9817898465095116,1
0.1456780556303685,1.133018953029318,1
1.7767662910445345,2.810870728550439,3
1.9796587775154761,2.728616816719616,2
0.4412719567595269,1.563227725277292,0
0.6312737566936109,2.122985122805502,3
0.5822810592941055,0.8371156256710806,1
1.8850813964456699,2.3728863153733077,1
0.3818122382798983,3.026077977762896,2
0.16469140124128678,1.773031286728911,0
0.915865378780625,2.0799558817218187,3
1.1175447584075795,0.8008076994817929,0
0.2659667603547349,2.218273017202868,2
1.15800919485546,2.555663892764791,1
0.4197554195221844,0.468989265473225,2
1.760575569995807,2.8862008020247547,0
0.3147190439797787,0.46410012678325013,2
0.9432791964525737,0.15919743932159408,0
0.3598025381681935,0.4544934504185232,2
0.04795518449984848,0.192856592748369,0
1.790781019661588,0.5127109629727917,1
1.6683510106951958,3.0086918655886463,1
1.4916735333334523,0.5567380587919082,1
1.1009071579578436,0.29874687744159006,0
0.7179567307657662,0.19236281607870573,2
0.46580489791783886,2.866650178755761,3
0.6589763373600297,2.6324313949879428,1
0.5061990099399507,1.144190587144408,0
0.22540220440131842,1.7259012966150633,0
1.5100588313476913,2.2659116905923535,2
1.6491020869349358,2.804232360368647,3
1.8740267876116055,2.761346217920868,3
1.4680030422455288,1.4555288182068595,2
0.37340789635386673,0.9828617686809668,1
0.7982237114756738,1.1150959455728717,0
1.6811868542569373,2.8260100989787498,3
0.6356913187243618,2.6247137662619933,1
0.022356378558964884,2.8981895295696107,3
1.80377362640474,0.8421108270660038,0
0.5198163223987797,2.74466137702895,0
1.5549668436811583,1.690141165446395,3
1.8898808728413259,2.299279640455045,1
0.30525693537852616,0.8594651007771573,1
1.9436474655927976,2.8449487053394757,2
1.9877471844004773,1.3906340157585995,3
1.6424424284848407,1.988667685759829,3
0.20212906386026752,1.4054494001794362,0
0.23447620437798267,2.295444802120474,3
0.26361290193537723,1.3288027310840855,0
0.3948793795845422,0.5799294322229265,3
0.1703674533870967,2.387101435299146,3
0.14158384972902627,2.271290394005715,2
1.1447679897682856,0.6718900930484063,1
0.7969725672884955,1.7040337060063362,1
0.34588950454329415,1.16641232466473,0
1.3809493458916118,2.024693479241714,3
0.8799113433182941,0.3074282036447606,0
1.8666113928438381,2.570405379507487,0
0.16647582007240191,1.532984080855818,0
0.5177487559215972,2.984781246224247,3
0.8837782152408091,0.4506677560872063,3
1.1707738143458475,0.23939635741357151,1
0.448051463798669,2.988762577048414,3
0.4888888117766055,1.328215329634403,0
1.4909273817982829,2.4427045994507437,1
0.2735018021272,0.3169827802591191,0
1.8368231885489985,2.225913494293512,2
1.4507671284946528,1.9831981495882434,3
1.873230238155747,2.3284418006011216,1
0.9349689222722319,0.0078743954038838,3
0.06642194311636729,0.6141363344622645,3
1.6492767246645714,0.963187120038135,1
1.3895983573662933,2.135552096945478,3
1.8075727869290836,2.2868294198666264,1
0.6924290749324733,0.14376253941628445,3
1.5177494794470476,0.465336029813246,2
1.4016105102548988,1.6109745341134956,2
0.7836973286397917,0.4118498416889062,2
0.7236664393064856,1.9954413723113111,2
1.083706608847853,0.14875531454577148,1
1.9945155238372845,2.68981951269113,2
1.2789378773551112,0.9994148372745235,0
0.7607323837561608,1.7130252128882961,1
0.10713406587950147,1.4583908265674967,0
1.224996262092274,0.7444815810453144,0
1.3557469912005595,1.854995662357618,3
0.7022532732402254,1.590583847843598,1
0.5908990151160765,2.046293273593505,2
1.9907574121458598,1.1875778589737973,2
0.5837341959683546,1.7945326007326365,1
0.5427715053804396,2.2170155780052476,3
1.9838228024627853,2.2959271825923264,1
0.36628077749929844,2.310341399837294,3
0.6059512424792908,2.1673647955020408,3
0.11775391067054786,2.6624207142940217,1
0.05653564935192845,1.7452912757085688,0
1.656529899780923,0.1638731637155131,1
0.4942440404903108,0.9641597729898471,1
0.44912706920475665,2.1114174213626917,2
1.5509505442174298,1.8626484302052089,3
1.9216172689531956,2.5646818002036085,0
0.4519957829935848,0.9410220720614624,1
1.4475826862720345,1.4161776789861802,2
1.4441663914865466,0.9179280070723589,0
1.5029808121048045,0.47895773776383194,2
0.8782862344353422,2.053738949156276,3
1.1390655254700275,0.19696994988493485,3
1.4064218467380656,1.9507451081416276,3
1.9671977982129454,0.36402897798801637,3
1.0901850475495842,1.1021223428345548,0
0.5752390055385905,0.8366041912772174,1
0.46961943116897475,2.642211480508402,1
0.13667128969640419,2.279539582505759,2
1.1100079332468205,1.0764996105164137,0
0.23512504853244698,0.10071032544262477,2
0.5785325387791935,1.9529320639219077,2
0.5294607921263412,3.0290861042311934,3
0.7832470653922774,0.13875949733873183,3
1.162171779679991,1.5324966437461924,2
1.8465501037601395,1.6644207058330873,3
1.8432447860261383,1.0696101043265345,2
0.5886460699955014,3.136467489390215,2
0.7242294264312767,1.8148871752287294,2
1.6189325979311349,0.21963485816872547,2
1.5995281590895207,0.2741787013756074,0
0.42734393006109683,2.992219647665625,3
0.4602760470900853,1.323584571143462,0
0.6985724473393882,2.0150647590408877,2
1.4929250380113257,1.3974123271887533,2
0.9067918827280526,2.6013203090361863,1
0.3442416210021988,0.6118921154894843,3
1.02077811100846,1.3882568754600324,1
1.7888970551904844,0.9775085843596871,1
1.071671548897057,0.4935947081602959,3
0.27188074277143826,1.9152415290815177,1
0.4549751263655293,2.491023556615127,3
1.6126542319444228,1.178997094971934,1
1.7415541337569658,0.17547988368439324,2
0.001857399855641928,1.946533336977702,1
1.8428775009670495,1.9175814994818936,3
1.0966848845278372,0.1641691465254078,0
1.9876551154606845,3.107960212205274,2
0.3272681290305304,0.09510942487404749,1
0.9239597464409892,1.3595122062585707,1
1.5965315818909815,0.9291204850536369,0
0.4486020331965779,1.4266272795760055,0
0.22881717210944608,3.0045715681763503,1
1.8699393070427606,2.8293964069408184,2
0.15266240389472108,2.8268356293997337,1
1.0982664750863396,3.059279021955942,1
1.5459980730177054,0.5732178814295787,1
0.7510527779821525,0.37549445515920665,1
1.94855382748634,0.5915533068005443,0
0.26557851699605783,0.5789888090502946,3
1.7787341016523337,0.6250747254750341,0
1.7172003479467277,1.1933244611331537,2
1.6294305376266025,1.200415982900505,2
0.9007654535248697,2.7522061498920527,1
1.638665540477635,1.6805608681489228,3
1.4406231151875577,0.6806299878547281,0
0.9413883026480332,2.497345391333969,2
0.9683737093601854,1.5630310467236161,1
1.6938353862797786,2.317799850084185,1
1.9150544067139015,0.4700568898311505,2
1.9504258729426722,2.0538502805343177,2
1.4988419640912736,0.05081209003257665,0
0.6719122142194878,0.3237335900372485,0
0.6198456375157952,2.276031133968538,3
1.5624920431163463,1.9557527709132414,3
1.0303716279435884,1.38792506300717,1
0.06129307914014337,2.8576682547094796,2
0.6655623590283799,0.6426741886073183,2
0.2572337025621363,1.7972017459099858,1
0.8079496483003206,0.3302107450578629,0
0.40719346972124204,2.5758227865214676,2
0.652744826983066,1.0327369775159476,0
1.7365712737001175,3.0026016081508575,0
0.8419248447693803,2.4972337032326397,2
0.057190972553244235,2.745384896263562,0
0.7820056213826492,3.0707578704703327,3
1.791872425462869,0.10703210817436541,0
0.8621795863554809,0.31085924656691977,0
1.5166334374025991,2.9542964432392056,2
1.2333843650223135,1.5884775953532442,2
0.28248513101985906,2.6787452629850987,1
1.1870785149384648,2.092809584028814,3
0.8767786011847327,0.880768347814441,0
1.6569712614921484,3.1078896098878857,3
0.36289946473950896,2.751490928985599,0
1.8630492501335476,0.6371727014244826,0
1.3971642491287084,0.4839529884242033,2
0.07827464492918002,1.9560237755610963,1
0.21141132110620076,0.06291184456573223,0
0.12983257358717015,1.6343546259700426,0
1.795312317333199,2.6195382849515885,0
1.578639051349169,0.7407266531694624,0
0.10226688086191027,2.0008212726439805,1
0.3593222398128453,2.8444165261397623,2
1.9775891891963424,2.7640559758204977,3
1.9898598038558484,0.5840389737148275,0
1.9623776691061814,0.2881840596064329,1
1.9650522298293283,0.8489172859834787,1
1.7586498702306006,2.8079507849703518,3
0.3070972011917845,2.3252683561675935,3
1.0917356482040883,0.921998899813755,0
0.012069832604868935,1.7997622611743223,0
1.8518091292292906,1.4054962187000828,3
0.809391400681936,2.38682099777654,3
0.40552476235366774,3.0398977289428766,1
0.5995156752001634,0.5033915053735087,3
0.1295257584021432,2.878753624936613,3
1.3265042954440187,2.3728635512124145,2
0.7242814149550478,0.6368725493065713,2
1.1671073486943295,2.4603030836713384,1
1.1976810214080391,1.8240698743376906,3
1.2953018778822425,0.49236849405106575,3
1.1662495210338728,0.31777467625506234,1
1.5965924802121825,1.1072460178965413,1
0.8756303991222814,1.515484011939054,1
1.8464050529018339,1.7813630510738065,3
0.054036421032331416,1.4403905461712057,0
1.0632835219614405,1.6828669799936689,2
0.4702108668452274,1.032536450136981,0
1.986357205844893,0.44392418159599933,2
0.9283822743459553,1.3583904359537289,1
1.3510450815779096,0.6234304709554029,1
0.6435023069667636,2.088714498609011,2
1.8803624890979875,1.122635818235647,2
1.753314025791501,0.5685689373516302,1
0.8837070362136901,0.0205018712941037,0
1.7701724251531503,0.46059272754518854,2
1.3432060296611141,3.037685342516056,0
0.6628245564844855,2.6626327024488186,0
1.4899307872829726,0.030845031634432078,1
1.194208981919447,0.646509712374478,1
1.3742817716259899,0.378980859777839,3
1.8567042995909446,0.7598789090865655,0
1.3775013556174889,1.6556553164918966,3
0.48058286166144404,0.8316555529942631,1
1.1659774925040594,1.2419374340194742,1
1.2244416084097343,0.29628851691966357,0
0.0770700242463136,1.1155260831150051,1
1.3230321486817247,1.6014406471290525,2
1.7350791998126578,0.9708387999154553,1
0.5686616018298127,0.2654043733425095,1
0.7969020624092147,1.7841829953040205,2
1.626594272136784,1.569562735735459,3
1.2576076765084607,1.6291103200762884,2
0.5185623370778436,3.0943896522286893,0
0.26641110259897927,0.4619089591408606,2
0.2943129697018938,1.2890828558206369,0
1.2909048571953166,1.4826161882712305,2
0.8572539653591584,2.084435566338322,3
1.5624873653843139,2.023169782501975,3
0.7553923685423707,2.295952929426626,3
1.8441946628152417,0.011955174995851485,0
1.3172410576523599,0.08639025611977809,0
0.11472195052736289,2.328639339802184,3
1.1414227624589686,2.3428638781319884,2
1.5336456241940801,0.9131023626323435,0
0.9924098905704477,1.7722607261674546,2
1.5048634085001737,2.335882051137617,2
1.045088831407593,1.2414889767072885,1
0.938862819716239,1.3498884770386697,1
0.39514052388125753,1.1377137395848722,0
0.9556574597349166,2.9246063901011414,0
1.8279802711137167,2.4764002411134607,0
0.8955127424063782,2.8574378583884417,3
0.6775121325999292,0.7326667212042419,1
0.49343812481487204,1.5006579692671305,0
1.0557217431246886,2.2117184862200614,3
0.16216587047046493,2.104875087590247,2
0.863228777507413,0.29276174278049844,0
1.914892704322932,2.8698840137100925,1
0.5961028504658896,1.1268671574105207,0
1.9784800997031695,3.0383195717477927,0
1.8100543749202052,0.14680090784140615,0
1.6791607811153462,1.461363597156681,3
0.24216454372895302,2.299052808007075,3
0.3217924915878245,0.8586783689503588,1
1.2395615136482823,1.6525009213112456,2
0.7242432436796149,1.106644752966522,0
1.4747763892208787,2.9537124054445627,2
0.5894204075583083,0.9539652912453225,0
0.5076104323253485,0.894580292520703,1
1.7119157149558153,1.3965523623408573,2
1.7449077651029714,1.170391438285121,2
1.601244842205149,1.511202621220033,3
1.9907938484141816,0.26440333648353864,0
1.0528344150040359,0.8698808000696203,0
0.42114691333272813,2.660763991573199,1
1.4216341683962341,2.5456861714941974,0
0.874664328538312,0.8497971154746534,0
1.263738559966915,1.192669931298069,1
1.5291052362488524,2.9330097651198344,1
0.7164003581264373,2.353200088966579,3
0.7643269302754996,2.4428808407861267,2
1.4168698788074756,0.4600782123583858,3
0.8631957009308919,1.9273897060033218,2
1.4392285533419646,1.5716339632389726,2
1.2235940737789084,2.646238003249613,0
1.106433105196046,2.225770213908631,3
1.4050514436980577,2.927272063225355,0
1.451666773908694,2.0273788222403795,3
0.48950284687611867,0.7160715061427604,2
1.9703824034064148,2.16890954182163,2
1.4286648941804632,0.19848547118084736,3
1.9862705016691709,3.1362766544605756,0
0.9178131948957313,2.2562069801256865,3
1.4241197053658001,2.979161920888916,2
1.35821719811724,2.2175646150700836,3
0.19396488364322662,1.3385719611267073,0
1.0435365564877706,1.2898077287681233,1
0.36195256849873214,1.0692857237419655,0
0.529327280841787,1.9276990051861447,2
1.0936159191369799,0.8367465900031504,0
0.666848456636898,1.2358886001593106,0
0.14827195136793647,1.3164542751000496,0
0.40059654609980844,2.226482966146464,3
1.5218970246769996,2.821366522273655,3
1.2170731193217217,0.09871305469050522,3
1.9810203972304814,0.5676457199062938,0
1.1722434857841426,2.6058031325719244,0
0.48514131453726095,2.6777311203961265,1
1.804510394081448,0.5293294785419412,1
1.1033338288491898,0.32364269758149117,1
1.1188138984701608,1.2939191704408148,1
1.5241087604906163,0.05954205871949816,0
1.091345483205367,2.07878480300962,3
0.2616671023840311,1.005498515011489,1
1.2577799708789543,0.7647542853944951,0
0.9171385499211053,2.1864636812777754,3
0.8909149425219587,0.48232392539063634,3
1.9828341725832392,2.8783953162481515,0
0.9365315528963043,3.03328802235489,2
1.8833112726896029,2.88089242620895,0
0.9696561106585679,1.4136851151101268,1
0.44988447397118625,1.945355134257349,2
0.386079300927171,1.054361493603609,0
1.410407697847855,2.333752985502155,2
0.13922997134977977,1.4633155954341763,0
0.7155824726140498,2.849145528005391,3
1.7432061899938136,0.6762007109927721,0
1.3902235072698825,2.593395283551539,0
1.505031098471984,1.2572176657004719,2
1.0239580884282675,1.2700863039601706,1
1.8638034721690244,0.46717434266086494,2
1.640745996408323,0.6829195947817566,0
0.7140543865805367,2.287803777436426,3
1.6921137341722778,0.057197146446047675,1
0.5929088075599687,0.22463447688963892,3
0.17768151733117876,0.7868658144764539,2
0.9994062331749258,0.05135110226760341,0
1.6122498193920942,1.4296668348713024,2
1.078688858107845,2.824420531017012,3
1.2683848529509434,0.7628109632859756,0
1.9366659279324967,2.6581341436566253,1
0.9233264194626669,2.745203239776816,1
0.247107828858097,2.650033466059662,1
0.6112884563163594,2.272675718165548,3
1.026665791464883,2.0459121254082344,3
0.5000244049761355,1.0864110948188819,0
1.0107173169068986,2.401005418809775,2
1.0907705669281986,2.130946664760687,3
0.3557829878879084,1.8149808843133277,1
1.1684486218313141,2.162327380462876,3
1.858342435851453,0.6699431957243891,0
0.6278242627364532,1.9771296382230372,2
0.29700271942624923,0.5800995258781572,3
1.4023773794573666,2.5151671147339534,1
0.14216376441580736,0.4835073294763143,2
1.5963940219461956,1.5137425748691373,3
0.12290596279379762,0.03919129783900475,3
1.353717650145322,0.3738016734464737,3
1.1541286165402636,0.28337768624678156,0
0.6991678093117764,0.11378541498586,0
1.709602257514943,2.2769300192229105,2
0.8012744211180383,0.8057036634956322,1
0.35243242995336144,2.3660227531034685,3
1.5262667724432095,2.3658630053785976,1
1.409173221179048,0.22052602333526783,2
0.751586074168141,2.0686936531459237,3
0.7052251976060724,1.0614687738662925,0
1.8892522735656323,2.9416426455049085,2
0.22096329991934005,1.676944324950899,0
0.33610700801374627,1.228797457961506,0
0.7942319331917258,0.5922979988194559,2
0.5465289590639038,0.4910034862674252,3
1.9952622015667139,1.309188779270291,3
1.702387387684245,2.758125984837575,2
0.6392043059764765,2.0184483075539914,2
1.4735434944510992,1.073456593226722,1
0.14451205796935218,0.141437075947682,3
1.9161397742924,0.14460500460210357,0
0.15446431894940837,2.646247197607318,2
1.7520662459292247,1.0548164841086616,1
1.6651929579508922,1.5547802508461928,3
1.197341665338231,2.2465834531618873,3
1.2886932099935493,2.437681576992168,1
0.5179407826920546,1.8710547836309686,1
1.7350676695450908,1.4152437767291153,2
1.778212477165139,1.569914771283503,3
0.1448875915020098,1.866421208133271,1
1.3406183967199712,1.6890680706558647,3
0.6594700255429706,0.4839397873722325,3
0.4679587890655872,0.3743977139121205,1
0.12124167082963289,0.27560648573187885,2
1.7024324727267073,1.9229829878422555,3
1.019733894718599,3.047846787505912,1
0.9176641166803055,2.7813015589632504,1
0.4464506754473583,2.948416631420455,0
0.10496553930530261,0.013820184790080908,0
1.424807266186137,0.8376159994080772,0
0.03214148058325672,1.1499686113154841,1
0.943101195808802,0.002724336837013921,3
1.9846795480060506,1.6727825645834362,3
0.7984894403757394,0.8721019332915341,0
1.8645508663561365,0.07248428009685912,2
1.401018697092167,0.4060222753212352,3
1.6713177616823958,1.6854364070874643,3
0.7898935601854125,1.4121276333090436,1
0.5939693292199764,0.021286161262517398,3
0.5010883138068831,0.21981029914628133,3
0.1422667298501552,2.9219251720464086,2
0.5693040597262757,0.7180236155330227,2
1.6606015786230852,1.4503207084646934,2
1.469825307129704,2.76647821265347,2
0.8342068329584122,2.7850980653127864,1
1.8643192721143895,3.0798232466998874,3
0.2536687561624502,0.8434260651840583,2
1.3782544234136196,0.7526265622585967,0
0.7944363079376158,0.5236824864754837,3
0.4876837599107724,0.6712051523293688,2
1.1565132879625988,2.728683989158511,1
0.6562430751408057,2.4041421091841464,3
0.8891824165566422,1.1030045683550478,0
1.2553055144278298,0.8789634271008213,0
1.8429681024833038,1.9040464775696049,3
0.40542674237180654,2.0509064869598905,2
1.0039308825050353,0.5951716708874211,2
1.9227336789677378,1.769874449243439,3
1.6563472821565628,1.5728124700645087,3
0.48535116755547936,0.3132034812223383,0
1.9395649929452268,1.4337960633077778,3
1.6631579530470741,2.216631766087509,2
1.0716925427871338,1.5909311475352212,2
0.907753373522713,2.4736086950480383,2
0.36777262588853343,1.5890565954671234,0
0.6225987537992024,0.9178326570023111,1
0.5846020237253968,0.8145209675805164,1
0.04844877031510353,2.473697028964121,3
1.7825733951601286,0.4639733645167836,2
0.7149654620294239,1.7525082849196199,1
0.932472813979887,1.0388727322463815,0
0.4838656122177283,0.9407408501339173,1
0.5381337326821043,0.3159321282062647,0
0.6699029198814788,2.7329382656306223,0
1.1748771162258564,0.47297372197283594,3
1.8994401523183957,0.015709968017965398,3
0.5112091341816987,0.9421312240709767,1
1.7392554951077874,0.02849757967419073,2
0.5065398045111094,2.434109412250948,3
0.9224204772670934,0.8439674840374254,0
0.7829343168599974,2.8184882247518526,2
1.9050602358484703,2.579990164174843,0
0.3004055282497631,1.7170313998133264,1
0.1685438232508003,2.196356308538793,2
0.13672337535761003,2.78149911855055,0
0.327766553185326,0.7391519664617715,2
0.30872038991847317,1.774128896233703,1
1.7849293122225645,0.9965771133675277,1
1.9351982775458503,2.2693064037610515,1
0.6731454304456028,2.709848885552828,0
0.7962619688559103,2.782089754533565,1
0.15884576445723786,2.945524217770345,0
0.36675287082541863,0.15045041028170814,3
0.4324793596559824,2.7554066766003587,0
1.3721661086427674,1.3882262991061094,2
0.761136574586657,2.714778436318905,0
1.9407746313170051,3.0983459674987763,1
1.4916614765671594,2.548705832007026,0
1.2963001444695303,1.5651806504546741,2
0.5340555949652825,0.7995840569880064,1
0.8233425427313454,2.8119787392344633,2
0.06628007347883069,0.23214232058876352,3
0.31591024820442115,0.862559810362777,1
1.9439459796950005,1.7469433381479362,3
1.0024009461020145,1.898185744294127,3
0.16583092845164815,0.7750785860781395,2
0.35187908445130023,1.1404057052056573,0
1.5325595145761346,0.4031544907952661,3
0.628135997653402,1.7840725672388322,1
1.3420253933013775,2.0911270479961868,3
1.478116383527751,0.9894473942720654,0
0.7568185348860079,1.8804401677777691,2
1.042543553925013,0.20204243686486875,3
1.4261566005785162,3.13472775377897,0
1.359252545181371,2.722046972512279,1
1.2793078857292062,2.966310384179389,3
0.48746536506150484,0.15974875001630165,1
1.289713885770033,1.3667900408184825,1
0.16205779635894513,2.781349184696946,0
0.544008295688835,2.332882477908803,3
1.1515271390363186,0.9048647145479899,0
0.7415302610873229,0.6720682838880346,2
0.6962651994224127,0.9679868287292059,0
1.716415987876292,1.571416939547357,3
1.741051914339262,0.013249115146156336,1
0.2303901343920265,2.4132437898651404,3
0.18651999594626445,0.8925517620053327,2
1.0699160109182808,0.9615072889009539,0
1.9881766944804773,1.749189842283213,3
1.2339757256228576,0.9863942721815884,0
1.9760403485779439,1.3053902605834515,3
0.5221200400638586,1.8196561837633338,1
1.2033202673677836,1.3795823677359513,1
1.8671976145701314,2.4829848009122477,0
1.6394560986998348,0.6552765952076808,0
1.7029990126683978,0.9922453324838909,1
1.6931321039032634,0.9918155935562643,1
1.6211175660836996,2.263249548949407,2
1.154025256801925,0.8024410511238682,0
1.4031890853087792,2.8079945483368705,3
0.9533480857381336,2.978164340690371,3
1.1232643108662108,2.854239502559196,3
1.4551257606977297,2.0934528926796836,3
1.120223178878126,0.5122975852683219,3
1.7473029188835894,2.377151752547145,1
0.10713414649784525,0.2527075170780823,3
1.7216734560976454,0.9493795958160268,1
1.6518783512600865,2.701768201589344,1
1.4554948297835755,0.2271325661358867,2
1.9718966741613109,2.6024446977967073,0
1.5942659472553644,2.676920878294358,1
1.95137929558826,1.174159257799263,2
0.24035202280166224,0.5288464130626616,3
1.860270649948565,1.1626552757298365,2
0.5624107294385718,0.6068322579341504,3
1.3998847988119067,0.7833338725841325,0
1.8777988021553336,0.08080260916638231,1
1.5612638286667178,0.6538158453064038,0
0.8505526287156822,0.2734127691046065,0
1.4952916260719948,2.7481740868601254,2
0.6094630078803569,2.5679269719894355,2
0.12650641522504014,0.47703237589688297,2
1.86756305179137,2.5920124767666355,0
1.749571258001783,1.0622097808676496,1
1.610726908669374,0.8923529159045674,0
0.08095501802306604,1.7387380150604674,0
1.865659740058611,0.7967343895927403,0
0.42684904755234054,2.254603578740217,3
1.5374207605900154,1.589978906527146,3
